pearsonr,slope,intercept,slope_stderr,intercept_stderr,R2,pval
0.9858439043834873,0.966118710401366,0.01620301757697684,0.00019445456257136945,0.00011230911316378623,0.9718882038100786,0.0
