pearsonr,slope,intercept,slope_stderr,intercept_stderr,R2,pval
0.9861400266995818,0.9679242860989739,0.015130368550239692,0.0004103471364561318,0.00023321972825340122,0.9724721522590519,0.0
