pearsonr,slope,intercept,slope_stderr,intercept_stderr,R2,pval
0.9453568644201606,0.8849984193065937,0.0585734490229079,0.00036121490492323287,0.00020813704425055022,0.893699601106318,0.0
