pearsonr,slope,intercept,slope_stderr,intercept_stderr,R2,pval
0.9439070828093515,0.8853924313194347,0.058693923172258966,0.0007804782467067334,0.0004461175181185039,0.8909605809776601,0.0
