pearsonr,slope,intercept,slope_stderr,intercept_stderr,R2,pval
0.8445741804256215,0.7106320038684236,0.14382040166327387,0.001135217522605895,0.0006505778183947767,0.7133055462416102,0.0
