pearsonr,slope,intercept,slope_stderr,intercept_stderr,R2,pval
0.8449039428012031,0.7141900665367479,0.14142282804433515,0.0005351126641421995,0.00030850704415370296,0.7138626725610187,0.0
