,sensor_exp,metabolite_presence
darmanis_tumor,0.3132583004700257,0.10125227056286872
