pearsonr,slope,intercept,slope_stderr,intercept_stderr,R2,pval
0.9632317300179916,0.9110789450976898,0.04443024581999122,0.0003007454825318589,0.0001735747797031357,0.927815365713453,0.0
