pearsonr,slope,intercept,slope_stderr,intercept_stderr,R2,pval
0.9626523409544844,0.9107451819197334,0.04624300808718296,0.000645421265445602,0.0003702227055649038,0.9266995295451488,0.0
